[
  {
    "id": "10e69624-1efb-4403-839e-e30d46f82d3f",
    "data": [
      {
        "text": "just going to say hi",
        "userDefined": false
      }
    ],
    "isTemplate": false,
    "count": 0,
    "updated": 1533943601
  },
  {
    "id": "dfaaa5d6-e43e-489d-a81f-7a86e45e3bda",
    "data": [
      {
        "text": "heya",
        "userDefined": false
      }
    ],
    "isTemplate": false,
    "count": 0,
    "updated": 1533943601
  },
  {
    "id": "218c4bff-b05c-4b38-a5d2-1b5de3cd5d2b",
    "data": [
      {
        "text": "hello hi",
        "userDefined": false
      }
    ],
    "isTemplate": false,
    "count": 0,
    "updated": 1533943601
  },
  {
    "id": "60bd6cfc-4a37-48e8-b4f0-49d5be22c019",
    "data": [
      {
        "text": "howdy",
        "userDefined": false
      }
    ],
    "isTemplate": false,
    "count": 0,
    "updated": 1533943601
  },
  {
    "id": "6ae1d85f-1081-44ae-b716-503f42608679",
    "data": [
      {
        "text": "hey there",
        "userDefined": false
      }
    ],
    "isTemplate": false,
    "count": 0,
    "updated": 1533943601
  },
  {
    "id": "1d4df7d9-e0f4-4b22-9696-b4f827f214f7",
    "data": [
      {
        "text": "hi there",
        "userDefined": false
      }
    ],
    "isTemplate": false,
    "count": 1,
    "updated": 1533943601
  },
  {
    "id": "becc0da5-6b18-4746-a5bc-81a6a5cbc771",
    "data": [
      {
        "text": "greetings",
        "userDefined": false
      }
    ],
    "isTemplate": false,
    "count": 0,
    "updated": 1533943601
  },
  {
    "id": "956ff0dc-dee2-4f35-8175-4980375eb725",
    "data": [
      {
        "text": "hey",
        "userDefined": false
      }
    ],
    "isTemplate": false,
    "count": 0,
    "updated": 1533943601
  },
  {
    "id": "087b3dc9-bf07-426a-bcca-e04d2bc8b0f4",
    "data": [
      {
        "text": "long time no see",
        "userDefined": false
      }
    ],
    "isTemplate": false,
    "count": 0,
    "updated": 1533943601
  },
  {
    "id": "082351a5-7548-4d82-83b1-3a5a1c50d7ae",
    "data": [
      {
        "text": "hello",
        "userDefined": false
      }
    ],
    "isTemplate": false,
    "count": 0,
    "updated": 1533943601
  },
  {
    "id": "24bb8997-6357-4ece-b6bf-03a963ad9a0e",
    "data": [
      {
        "text": "lovely day isn\u0027t it",
        "userDefined": false
      }
    ],
    "isTemplate": false,
    "count": 0,
    "updated": 1533943601
  },
  {
    "id": "d8d488dc-74b4-4830-8021-2cbd0f370911",
    "data": [
      {
        "text": "I greet you",
        "userDefined": false
      }
    ],
    "isTemplate": false,
    "count": 0,
    "updated": 1533943601
  },
  {
    "id": "4b9d552a-8948-4b21-b33f-0a815233bf46",
    "data": [
      {
        "text": "hello again",
        "userDefined": false
      }
    ],
    "isTemplate": false,
    "count": 0,
    "updated": 1533943601
  },
  {
    "id": "39891b90-1f0a-48ae-aa1a-a632e538c701",
    "data": [
      {
        "text": "hi",
        "userDefined": false
      }
    ],
    "isTemplate": false,
    "count": 0,
    "updated": 1533943601
  },
  {
    "id": "407f7732-7b0b-4a38-92a2-0b560958c87a",
    "data": [
      {
        "text": "hello there",
        "userDefined": false
      }
    ],
    "isTemplate": false,
    "count": 0,
    "updated": 1533943601
  },
  {
    "id": "53643003-7a70-4835-842b-0bb41070d0f3",
    "data": [
      {
        "text": "a good day",
        "userDefined": false
      }
    ],
    "isTemplate": false,
    "count": 0,
    "updated": 1533943601
  }
]