[
  {
    "id": "e7fc93cf-2d96-4d86-bdd1-5bb621373714",
    "data": [
      {
        "text": "How late can I come in?",
        "userDefined": false
      }
    ],
    "isTemplate": false,
    "count": 0,
    "updated": 1535479213
  },
  {
    "id": "42e4fb22-cf82-423a-b41d-427528c1283a",
    "data": [
      {
        "text": "Are you open ",
        "userDefined": false
      },
      {
        "text": "today",
        "alias": "date",
        "meta": "@sys.date",
        "userDefined": false
      },
      {
        "text": "?",
        "userDefined": false
      }
    ],
    "isTemplate": false,
    "count": 0,
    "updated": 1535479213
  },
  {
    "id": "04b2c30a-5ac9-4283-8e2c-bf9bb9d6050c",
    "data": [
      {
        "text": "How early can I drop in?",
        "userDefined": false
      }
    ],
    "isTemplate": false,
    "count": 0,
    "updated": 1535479213
  },
  {
    "id": "eedb58c1-adda-45ef-9f83-123dae52cc64",
    "data": [
      {
        "text": "What are your hours?",
        "userDefined": false
      }
    ],
    "isTemplate": false,
    "count": 0,
    "updated": 1535479213
  },
  {
    "id": "2595f0f7-b795-4482-9661-cc1ed3f856c7",
    "data": [
      {
        "text": "Tell me your opening hours.",
        "userDefined": false
      }
    ],
    "isTemplate": false,
    "count": 0,
    "updated": 1535479213
  },
  {
    "id": "1bd079ca-7dce-4d71-9984-2d0036ae11b9",
    "data": [
      {
        "text": "How late are you open on ",
        "userDefined": false
      },
      {
        "text": "weekends",
        "alias": "date-period",
        "meta": "@sys.date-period",
        "userDefined": false
      },
      {
        "text": "?",
        "userDefined": false
      }
    ],
    "isTemplate": false,
    "count": 0,
    "updated": 1536712733
  },
  {
    "id": "19f2e088-e63b-4fc3-b0b9-7e74970a6dc5",
    "data": [
      {
        "text": "What time do you open ",
        "userDefined": false
      },
      {
        "text": "tomorrow",
        "alias": "date",
        "meta": "@sys.date",
        "userDefined": false
      },
      {
        "text": " ",
        "userDefined": false
      },
      {
        "text": "morning",
        "alias": "time-period",
        "meta": "@sys.time-period",
        "userDefined": false
      },
      {
        "text": "?",
        "userDefined": false
      }
    ],
    "isTemplate": false,
    "count": 0,
    "updated": 1535479213
  },
  {
    "id": "4aeb9fb7-268e-4f6e-aa82-84ae9519e11b",
    "data": [
      {
        "text": "When do you close?",
        "userDefined": false
      }
    ],
    "isTemplate": false,
    "count": 0,
    "updated": 1535479213
  },
  {
    "id": "fe649dfc-bcf3-422a-aa68-b747244934f9",
    "data": [
      {
        "text": "Are you open now?",
        "userDefined": false
      }
    ],
    "isTemplate": false,
    "count": 0,
    "updated": 1535479213
  },
  {
    "id": "4feebb5a-11ac-4a22-adf4-58628a74d502",
    "data": [
      {
        "text": "Business hours.",
        "userDefined": false
      }
    ],
    "isTemplate": false,
    "count": 0,
    "updated": 1535479213
  }
]