[
  {
    "id": "06ac0b8c-d455-4230-8d21-6f36d48544af",
    "data": [
      {
        "text": "I\u0027d like to schedule an appointment ",
        "userDefined": false
      },
      {
        "text": "on this Thursday",
        "alias": "date",
        "meta": "@sys.date",
        "userDefined": false
      },
      {
        "text": ".",
        "userDefined": false
      }
    ],
    "isTemplate": false,
    "count": 0,
    "updated": 1534189110
  },
  {
    "id": "1ef02256-bae6-4d01-aec4-b6f59514b057",
    "data": [
      {
        "text": "I need to fix my bike ",
        "userDefined": false
      },
      {
        "text": "today",
        "alias": "date",
        "meta": "@sys.date",
        "userDefined": false
      },
      {
        "text": ".",
        "userDefined": false
      }
    ],
    "isTemplate": false,
    "count": 0,
    "updated": 1534189110
  },
  {
    "id": "4c4703d4-1303-42dd-84c5-1dde27923b6c",
    "data": [
      {
        "text": "I\u0027d like to get my bike fixed, I have a mountain bike that needs servicing.",
        "userDefined": false
      }
    ],
    "isTemplate": false,
    "count": 0,
    "updated": 1534189110
  },
  {
    "id": "c1bee07d-859a-45b1-9197-a7eb73f652f0",
    "data": [
      {
        "text": "My bike is broken.",
        "userDefined": false
      }
    ],
    "isTemplate": false,
    "count": 0,
    "updated": 1534189110
  },
  {
    "id": "e6c6b01a-ad15-425f-b99b-3e6da3248c34",
    "data": [
      {
        "text": "Can you fix my road bike?",
        "userDefined": false
      }
    ],
    "isTemplate": false,
    "count": 0,
    "updated": 1534189110
  },
  {
    "id": "865f5e9e-c42d-4a69-a149-66fe2dd75977",
    "data": [
      {
        "text": "Can I set up an appointment for ",
        "userDefined": false
      },
      {
        "text": "noon",
        "alias": "time",
        "meta": "@sys.time",
        "userDefined": false
      },
      {
        "text": " ",
        "userDefined": false
      },
      {
        "text": "on Friday",
        "alias": "date",
        "meta": "@sys.date",
        "userDefined": false
      },
      {
        "text": "?",
        "userDefined": false
      }
    ],
    "isTemplate": false,
    "count": 0,
    "updated": 1534189110
  },
  {
    "id": "1ed52010-74b6-4396-a7bc-0fe3e9c0dc18",
    "data": [
      {
        "text": "Can I schedule service for ",
        "userDefined": false
      },
      {
        "text": "4 PM",
        "alias": "time",
        "meta": "@sys.time",
        "userDefined": false
      },
      {
        "text": " ",
        "userDefined": false
      },
      {
        "text": "tomorrow",
        "alias": "date",
        "meta": "@sys.date",
        "userDefined": false
      },
      {
        "text": "?",
        "userDefined": false
      }
    ],
    "isTemplate": false,
    "count": 0,
    "updated": 1534189110
  },
  {
    "id": "e60969a3-1c0f-4783-b9c8-40676668fcb4",
    "data": [
      {
        "text": "I need to make an appointment ",
        "userDefined": false
      },
      {
        "text": "at 3 PM",
        "alias": "time",
        "meta": "@sys.time",
        "userDefined": false
      },
      {
        "text": " ",
        "userDefined": false
      },
      {
        "text": "today",
        "alias": "date",
        "meta": "@sys.date",
        "userDefined": false
      },
      {
        "text": ".",
        "userDefined": false
      }
    ],
    "isTemplate": false,
    "count": 0,
    "updated": 1534189110
  }
]